source_url,source_label,paragraph_text,matched_locations
https://reliefweb.int/report/india/chennai-floods-situation-report-no-1-chennai-flood-2-4-december-2015,reliefweb_sitrep,"Chennai City has also started releasing 20,000 cubic feet per second of water from Chembarambakkam reservoir into Adyar. A flood warning has been issued, and families along the Adyar River have been told to move to safer places. The state government has also mobilized fishing boats to assist in rescue and relief. ( source )",Adyar; Adyar River
https://www.environmentandsociety.org/arcadia/rains-floods-case-chennai-2015,academic_retrospective,"The unique feature of Chennai’s rainfall is that the major share is received during the northeast monsoon in the months of October to December. In November and December of 2015, Chennai received unprecedented levels of rainfall leading to the overflow of the arterial Adyar river, which in turn led to floods in the city. Multiple low-lying areas in the city were inundated for days together; massive rescue and evacuation efforts had to be undertaken in areas where houses were getting submerged.",Adyar; Adyar River
https://www.environmentandsociety.org/arcadia/rains-floods-case-chennai-2015,academic_retrospective,"Airborne evacuation and relief provision were rendered impossible due to the flooding of the city’s sole airport whose secondary runway had incidentally been constructed over what was once a part of the Adyar river. The flood carried with it an economic cost and the global insurance company Munich Re estimated the loss in and around Chennai to be at the tune of USD 3.5 billion, making it among the most costly global events of the year, second only to the Nepal earthquake.",Adyar; Adyar River
https://www.environmentandsociety.org/arcadia/rains-floods-case-chennai-2015,academic_retrospective,"First, despite the state’s impressive rescue efforts, the events of 2015 reiterated the lack of understanding of the city’s natural drainage systems. The state’s decision to drain the excess water from one of the city’s three main reservoirs added to the already-heightened volume of the Adyar river which is part of its natural flow pattern, leading to sudden flooding.",Adyar; Adyar River
https://www.thenewsminute.com/tamil-nadu/chennai-floods-velachery-residents-forced-to-evacuate-say-little-has-changed-since-2015,news,"“We thought it would have become better in the last eight years. But from 2015 to now, what has changed? We feel bad for ourselves now,” said Charu, a resident of Kuberan Nagar in Velachery. Most residential neighbourhoods in Velachery, like Vijayanagar, Ramnagar, Murugan Nagar and Kuberan Nagar had four feet water on Tuesday, December 5 and residents were left struggling with no power, water supply and other essentials. Though the flooding started on the night of December 4, the first boats came on December 5. A few families with children and elderly people left on the boats, while many others had to stay back or chose to stay back as leaving behind their belongings unguarded was not an option.",Velachery
https://www.thenewsminute.com/tamil-nadu/chennai-floods-velachery-residents-forced-to-evacuate-say-little-has-changed-since-2015,news,"“In 2015, there were no storm water drains (SWD) here, but this year we thought the SWD would work, but we didn't expect this much rain. There is more water in these areas as the Velachery lake breached. The excess water from Velachery lake is supposed to go to Pallikaranai through a canal,” Ibrahim said.",Velachery
https://www.thenewsminute.com/tamil-nadu/chennai-floods-velachery-residents-forced-to-evacuate-say-little-has-changed-since-2015,news,"According to Ibrahim, the water levels were much higher in his street during the 2015 December deluge. “That time the water crossed the first floor. This time, it is less. However, in 2015, as the SWD was not proper, the Corporation came and warned us during the rains. But this time, there was no warning because this much rain was not expected. Usually when it rains, we prepare ourselves and park cars on streets that won't get flooded, and on the Velachery flyovers,” he said.",Velachery
https://www.thenewsminute.com/tamil-nadu/chennai-floods-velachery-residents-forced-to-evacuate-say-little-has-changed-since-2015,news,"Rajaram, a 47-year-old IT worker, says his street was not badly flooded in 2015. “There was a reverse flow of water on December 4. Till around 4 pm, the water logging was not a lot. After that, the water began to rise very fast. Excess water from Adambakkam lake and Velachery lake was supposed to go to canals which empty into the Pallikaranai marsh. But if that point [where the canals empty into the marsh] is choked, then the water comes back,” he explained.",Adambakkam; Velachery
https://www.thenewsminute.com/tamil-nadu/chennai-floods-velachery-residents-forced-to-evacuate-say-little-has-changed-since-2015,news,"If Devi and Murugan were anxious about rebuilding their lives, Satya who lives in the neighbourhood is worried that she can’t take her mother-in-law for her scheduled knee surgery on December 7. “Everyone knows Velachery and Pallikaranai get flooded fast. Will this happen every year? When will the government plan better? Eight years have gone, what was done?” she asked.",Velachery
https://www.dtnext.in/news/city/flood-of-memories,news,"The city’s arterial roads were blocked. Areas like Mudichur, Perumbakkam, Pallavaram, Velachery, Pallikaranai, T Nagar, Saidapet, Kotturpuram and Vyasarpadi saw the floods washing away homes and stranded residents were rescued by boats to the safety of nearby shelters. As the water receded, people started to rebuild their lives, one brick at a time. However, for those who had lost their homes or loved ones, life was never the same again.",Kotturpuram; Saidapet; Velachery
https://www.dtnext.in/news/city/flood-of-memories,news,"The December deluge had led to the flooding of the Saidapet bridge, one of the city’s arterial roads cutting off access to other parts such as Guindy, Adyar, Porur, Nandambakkam, Meenambakkam, OMR and many other areas. A year later, life is back to normal on the road.",Adyar; Guindy; Saidapet
https://www.dtnext.in/news/city/flood-of-memories,news,"Tansi Nagar in Velachery was severely inundated during the incessant rains. Families living on interior roads had to be evacuated by boat. Today, the residents have successfully rebuilt their lives and homes.",Tansi Nagar; Velachery
https://www.dtnext.in/news/city/flood-of-memories,news,"The floods had badly inundated many houses in the Kotturpuram housing board. Arul, my father, was a car painter. He was 43 and at that time, I was engaged in electrical works. Since both of us were earning, our family situation was comfortable. During the floods, my father, who was a socially responsible person, was working day and night, rescuing people and helping children to the safe ground. While doing the rescue work, he had to wade deep into the water. He spent hours in the polluted water and all this had a serious effect. He was so involved that he worked for days without proper food or rest. Even after the water receded, he was heavily involved in helping families clean up their homes. The signs of stress showed two weeks after the floods, when he developed sudden fever. A few days later, he recovered but he kept falling ill on and off. In February, he suffered a sudden heart attack and died. The responsibility of my family, consisting of my mother, sister and grandmother, is on me now. After my father passed away, life has not been the same.",Kotturpuram
https://www.dtnext.in/news/city/flood-of-memories,news,"One-year-old Tarun can barely walk but is already a bit of a celebrity among the relocated residents in the housing tenements of Perumbakkam. The little boy was born on November 21 but the day he was discharged from the hospital and reached home, the flood water had already started washing away many homes in Kotturpuram. Vennila, Tarun’s mother, said, “We had to rush immediately to the nearby shelter. I was so worried since he was barely a few days old and was vulnerable.” Like many others, Vennila and her husband Manikandan lost their home and were relocated to Perumbakkam. Tarun is the centre of all attention, doted on by the elderly women, who look upon the boy as a miracle. “He survived through tough times. He is our favourite,” laughs Jyothi.",Kotturpuram
https://www.dtnext.in/news/city/flood-of-memories,news,"When the area started getting flooded, we were evacuated safely. However, all our houses were severely affected. It took us more than a month just to enter the house, where all our belongings were either washed away or destroyed. Almost three months went by, before we could restore our homes. Even after the water receded, our lives were never the same. Most of us are domestic workers. The floods had driven away the wealthy residents to a better locality. Now, we are left with no job and increasing bills. Earlier, we used to welcome the rains. Now, when it rains, we are afraid as it evokes memories of those terrible days. Sivagami , 42, homemaker, Kotturpuram",Kotturpuram
https://en.wikipedia.org/wiki/2015_South_India_floods,encyclopedia,"On 5 December, Prime Minister Modi announced ex gratia payments of ₹ 200,000 (US$2,100) to the next of kin of those who had lost their lives in the floods, and ₹ 50,000 (US$519) each to those seriously injured. [ 40 ] On 7 December, the Tamil Nadu state government announced a comprehensive relief package for those affected by the floods. According to a statement made by Chief Minister Jayalalithaa, people living in huts who had lost them in the floods would be compensated with a permanent house, ₹ 10,000 (US$104) , 10 kilos of rice, a sari and a dhoti; those affected by flooding and who lived in substantial houses would receive the same clothes and amount of rice along with ₹ 5,000 (US$52) in compensation. 10,000 permanent houses would be allotted in Chennai and new houses constructed for those previously in huts. The relief assistance would be deposited in the bank accounts of beneficiaries, while aid-in-kind, including rice, dhotis and saris would be distributed through PDS outlets, said Jayalalithaa; she further stated that she had ordered an immediate enumeration of affected families, and that the aid would be disbursed in a few days after a listing was complete. For those living along the banks of the Adyar, Cooum River and the Buckingham Canal and who had lost homes, the Chief Minister ordered an immediate allocation of 10,000 tenements in Okkiyam Thoraipakkam and Perumbakkam, which had been built by the Tamil Nadu Slum Clearance Board. Livestock losses would be compensated with ₹ 10,000 (US$104) (for losses of cows and buffaloes) and ₹ 3,000 (US$31) (for losses of goats and pigs); poultry would be compensated at a rate of ₹ 100 (US$1) . Agricultural damage would be compensated at a rate of ₹ 13,500 (US$140) per hectare if 33 percent or more of paddy crops had been lost, and at a rate of ₹ 18,000 (US$187) per hectare for long-term (perennial) crops. Finally, special camps for two weeks, beginning from 14 December would be held to issue duplicate land title deeds, educational certificates, cooking gas connection cards, voter identity and Aadhaar cards and bank passbooks, all free of cost. [ 119 ]",Adyar
https://en.wikipedia.org/wiki/2015_South_India_floods,encyclopedia,"President Pranab Mukherjee said he was ""saddened by the loss of human lives and serious damage to infrastructure in Chennai"", stating his ""prayers and good wishes are with the people of Tamil Nadu during this difficult time"". [ 37 ] On 2 December, Prime Minister Narendra Modi discussed the ongoing flood situation with Home Minister Rajnath Singh and Finance Minister Arun Jaitley . In the Lok Sabha, Parliamentary Affairs Minister M Venkaiah Naidu said that Singh would chair a high-level meeting to deliver relief to the people of Tamil Nadu. He said the ministers were ""trying to coordinate with various agencies on relief operations"", and that he had alerted the Civil Aviation Ministry to send food to the relief camps. ""Since the runway[s] [are] full of water, we have to send food and other basic amenities to the people stranded [at Chennai airport]"", Naidu said, adding that he was moved by the ""plight of ordinary people [in Tamil Nadu]"". He concluded that it was ""time for Parliament to convey to [the] people that [they should] be confident"". [ 132 ] As the extent of the disaster became clear, the Prime Minister flew to Chennai on the afternoon of 3 December to personally review the relief efforts; he met with Chief Minister Jayalalithaa and conducted an aerial survey of flood-stricken areas in the city. In a brief statement which he began in Tamil, upon arriving at Adyar naval base, Modi expressed support and later tweeted ""The Government of India stands shoulder to shoulder with the people of Tamil Nadu in this hour of need."" [ 88 ]",Adyar
https://en.wikipedia.org/wiki/2015_South_India_floods,encyclopedia,"From 29 December 2015, the Tamil Nadu state government began a massive slum clearance programme, demolishing dozens of illegally constructed dwellings in the Saidapet area of Chennai. Located along the banks of the Adyar River , the area had been among those worst affected by the floods. The residents were rehoused in government housing being built in Okkiyam Thoraipakkam and Perumbakkam . The government further announced that the rehoused residents would receive an allowance of ₹ 30,000 (US$312) a year to help them resettle. Medical care would be arranged, children would be enrolled in schools and vocational training would be provided for job-seekers. [ 210 ] Despite voicing concern over their ability to find new jobs, many of those resettled expressed satisfaction with the new flats. [ 211 ] By March 2016, 4,100 families who had lived in the area had been resettled, and the city corporation had cleared away hundreds of illegally encroaching constructions, widening the Adyar River in Saidapet to 220 metres from its previous 50-metre width. [ 212 ]",Adyar; Adyar River; Saidapet
https://en.wikipedia.org/wiki/2015_South_India_floods,encyclopedia,"Many flood victims across Chennai and Tamil Nadu protested ineffectual response and the lack of help from authorities. In the chief minister's state assembly constituency of Radhakrishnan Nagar , flood victims heckled senior ministers Natham Viswanathan, Sellur Raju and Gokul Indira following their visit on 4 December, forcing them to make a hasty retreat. At a subsequent press conference, Tamil Nadu Power Minister Natham Viswanathan and chief secretary Gnanadesikan claimed that relief and rescue work were in full swing and ""extraordinary"". Viswanathan deflected opposition criticism of relief efforts as politically motivated, in light of upcoming assembly elections. He claimed people in even the worst-affected localities had refused to leave their homes and had accepted only food relief from official agencies. [ 231 ]",Radhakrishnan Nagar
